topic_id,n,p_supports,p_neutral,p_refutes,entropy_bits,entropy_bits_mm,k_observed,truth_direction,truth_divergence_rate
T03,28,0.9285714285714286,0.07142857142857142,0.0,0.37123232664087563,0.39699473808532143,2,NEUTRAL,0.9285714285714286
T05,30,0.4,0.0,0.6,0.9709505944546686,0.994995511802818,2,REFUTES,0.4
T10,28,0.03571428571428571,0.14285714285714285,0.8214285714285714,0.8058576010107721,0.8573824238996637,3,SUPPORTS,0.9642857142857143
T12,30,0.9,0.1,0.0,0.4689955935892812,0.4930405109374306,2,NEUTRAL,0.9
