topic_id,n,p_supports,p_neutral,p_refutes,entropy_bits,entropy_bits_mm,k_observed,truth_direction,truth_divergence_rate
T03,29,1.0,0.0,0.0,-0.0,0.0,1,NEUTRAL,1.0
T05,27,0.18518518518518517,0.0,0.8148148148148148,0.691289869405789,0.718006444237066,2,REFUTES,0.18518518518518523
T10,30,0.8333333333333334,0.0,0.16666666666666666,0.6500224216483541,0.6740673389965035,2,SUPPORTS,0.16666666666666663
T12,29,0.9655172413793104,0.034482758620689655,0.0,0.21639693245126462,0.24127098488038468,2,NEUTRAL,0.9655172413793104
