topic_id,n,p_supports,p_neutral,p_refutes,entropy_bits,entropy_bits_mm,k_observed,truth_direction,truth_divergence_rate
T03,23,1.0,0.0,0.0,-0.0,0.0,1,NEUTRAL,1.0
T05,15,0.13333333333333333,0.0,0.8666666666666667,0.5665095065529053,0.6145993412492041,2,REFUTES,0.1333333333333333
T10,18,0.3888888888888889,0.0,0.6111111111111112,0.964078764808229,1.0041536270551445,2,SUPPORTS,0.6111111111111112
T12,16,0.875,0.125,0.0,0.5435644431995964,0.5886486632273765,2,NEUTRAL,0.875
