topic_id,n,p_supports,p_neutral,p_refutes,entropy_bits,entropy_bits_mm,k_observed,truth_direction,truth_divergence_rate
T03,11,1.0,0.0,0.0,-0.0,0.0,1,NEUTRAL,1.0
T05,9,0.2222222222222222,0.0,0.7777777777777778,0.7642045065086203,0.8443542310024515,2,REFUTES,0.2222222222222222
T10,10,0.8,0.0,0.2,0.7219280948873623,0.7940628469318105,2,SUPPORTS,0.19999999999999996
T12,9,0.8888888888888888,0.1111111111111111,0.0,0.5032583347756457,0.583408059269477,2,NEUTRAL,0.8888888888888888
