topic_id,n,p_supports,p_neutral,p_refutes,entropy_bits,entropy_bits_mm,k_observed,truth_direction,truth_divergence_rate
T03,16,1.0,0.0,0.0,-0.0,0.0,1,NEUTRAL,1.0
T05,16,0.1875,0.0,0.8125,0.6962122601251458,0.7412964801529259,2,REFUTES,0.1875
T10,10,0.8,0.0,0.2,0.7219280948873623,0.7940628469318105,2,SUPPORTS,0.19999999999999996
T12,9,0.8888888888888888,0.1111111111111111,0.0,0.5032583347756457,0.583408059269477,2,NEUTRAL,0.8888888888888888
