topic_id,n_ai,n_human,ai_dispersion,human_dispersion,ratio_ai_to_human
T03,25,10,0.6498031867555304,0.9324412876057506,0.6968837559993122
T05,17,10,0.5127006719413165,0.8934938773104661,0.5738155402750076
T10,20,10,0.618642430438862,0.8546371113108405,0.7238656293429496
T12,18,10,0.5884442847834995,0.8779453010301157,0.6702516479022813
