topic_id,n_ai,n_human,ai_dispersion,human_dispersion,ratio_ai_to_human
T03,30,10,0.6636522587820965,0.9314167666407221,0.7125191241463757
T05,30,10,0.5657097051481109,0.8843493092542665,0.6396903341567027
T10,30,10,0.6405308290829194,0.8401253930798586,0.7624228887246994
T12,30,10,0.6247572963081847,0.8674257985251006,0.7202429272572599
