topic_id,n_ai,n_human,ai_dispersion,human_dispersion,ratio_ai_to_human
T03,17,10,0.6288712700515536,0.9352983958166061,0.6723750119366858
T05,11,10,0.4837045891634808,0.8996204877887848,0.5376762709711056
T10,14,10,0.5844244803761893,0.8647485100655269,0.675831728616571
T12,10,10,0.5639015410415482,0.8861946824029991,0.6363179019676318
