topic_id,n_ai,n_human,ai_dispersion,human_dispersion,ratio_ai_to_human
T03,17,10,0.6263215861165019,0.9358845492418602,0.6692295397160595
T05,17,10,0.5239563494602961,0.8933853591309524,0.5864841460688126
T10,10,10,0.5696507367337312,0.86985768188829,0.6548780893641492
T12,10,10,0.5532008729628844,0.887532624035812,0.6233020150260559
