model,truth_direction,n_topics,mean_truth_div_pct,max_truth_div_pct,topics_above_20pct
Gemini 3 Pro,SUPPORTS,4,7.5,30.0,1
Gemini 3 Pro,REFUTES,6,1.666666666666665,9.99999999999999,0
Gemini 3 Pro,NEUTRAL,2,100.0,100.0,2
Gemma3 12B,SUPPORTS,4,8.620689655172415,34.48275862068966,1
Gemma3 12B,REFUTES,6,16.610563765736178,62.06896551724138,2
Gemma3 12B,NEUTRAL,2,100.0,100.0,2
Llama 3.2 3B,SUPPORTS,4,7.672413793103444,20.68965517241379,1
Llama 3.2 3B,REFUTES,6,45.41050903119868,89.28571428571429,4
Llama 3.2 3B,NEUTRAL,2,100.0,100.0,2
